Category,Upload date,Title,link
タイヤ事業,2019.12.13,国内で「OPEN COUNTRY」シリーズのサイズラインアップを拡充,https://www.toyotires.co.jp/press/2019/191213.html
タイヤ事業,2019.12.06,当社製タイヤ「PROXES R56M」がマツダ株式会社の新型クロスオーバーSUV「MAZDA CX-30」に採用,https://www.toyotires.co.jp/press/2019/191206.html
タイヤ事業,2019.12.02,トラック・バス用低燃費リブタイヤ「NANOENERGY M176」を発売,https://www.toyotires.co.jp/press/2019/191202.html
タイヤ事業,2019.11.18,「NANOENERGY」がトヨタ自動車株式会社の新型「カローラ」に採用,https://www.toyotires.co.jp/press/2019/191118.html
タイヤ事業,2019.08.30,「秋のタイヤ安全啓発活動」を実施,https://www.toyotires.co.jp/press/2019/190830.html
タイヤ事業,2019.08.23,全米最長のオフロードレース「Best in the Desert  Vegas to Reno」で「OPEN COUNTRY」装着車両が総合優勝,https://www.toyotires.co.jp/press/2019/190823.html
タイヤ事業,2019.08.08,欧州初の現地R&Dセンターをドイツに設立,https://www.toyotires.co.jp/press/2019/190808.html
タイヤ事業,2019.07.30,セルビア共和国にタイヤ新工場を設立,https://www.toyotires.co.jp/system/files/press/pdf/2019/20190730_2_0.pdf
タイヤ事業,2019.07.12,米国タイヤ製造工場の生産能力増強について,https://www.toyotires.co.jp/press/2019/190712.html
タイヤ事業,2019.07.02,当社グループの「タイヤ安全啓発活動」が日刊自動車新聞用品大賞2019で特別賞を受賞,https://www.toyotires.co.jp/press/2019/190702.html
タイヤ事業,2019.06.27,国内市販用タイヤ出荷価格の改定（値上げ）,https://www.toyotires.co.jp/press/2019/190627_3.html
タイヤ事業,2019.06.27,国内市販用タイヤ出荷価格の改定（値上げ）,https://www.toyotires.co.jp/press/2019/190627_2.html
タイヤ事業,2019.06.06,「SCORE BAJA 500」で当社サポート選手が総合優勝,https://www.toyotires.co.jp/press/2019/20190605.html
タイヤ事業,2019.05.31,「CELSIUS」　8月1日より国内で発売開始,https://www.toyotires.co.jp/press/2019/190531.html
タイヤ事業,2019.05.28,「PROXES」がマツダ株式会社の新型「Mazda3」に採用,https://www.toyotires.co.jp/press/2019/20190528.html
タイヤ事業,2019.05.07,｢OPEN COUNTRY｣がトヨタ自動車株式会社の北米市場向け新型｢RAV4」に採用,https://www.toyotires.co.jp/press/2019/201905072.html
タイヤ事業,2019.04.17,「SCORE San Felipe 250」で「OPEN COUNTRY」装着車両が総合優勝,https://www.toyotires.co.jp/press/2019/190417.html
タイヤ事業,2019.04.16,NITTOブランドのSUV用タイヤ2商品を国内市場で展開,https://www.toyotires.co.jp/press/2019/190416.html
タイヤ事業,2019.04.03,「PROXES Sport SUV」がロシア自動車専門誌で最高評価を獲得,https://www.toyotires.co.jp/press/2019/190403.html
タイヤ事業,2019.03.29,「タイヤ安全啓発活動」を実施,https://www.toyotires.co.jp/press/2019/190329.html
タイヤ事業,2019.03.15,「2019年D1グランプリシリーズ」に新体制で参戦,https://www.toyotires.co.jp/press/2019/190315.html
タイヤ事業,2019.03.05,米国市場でトラック・バス用タイヤの販売価格を改定,https://www.toyotires.co.jp/press/2019/20190305.html
タイヤ事業,2019.02.22,「OPEN COUNTRY」シリーズのサイズラインアップを拡充,https://www.toyotires.co.jp/press/2019/190222.html
タイヤ事業,2019.01.30,ダカールラリーで「OPEN COUNTRY」装着車両がクラス優勝,https://www.toyotires.co.jp/press/2019/190130.html
タイヤ事業,2019.01.29,"米国タイヤ工場の累計生産本数が5,000万本を突破",https://www.toyotires.co.jp/press/2019/190129.html
タイヤ事業,2018.12.26,企業サイトおよび製品サイトを全面リニューアル,https://www.toyotires.co.jp/press/2018/20181226.html
タイヤ事業,2018.12.20,「ダカールラリー2019」参戦チームをサポート,https://www.toyotires.co.jp/press/2018/181220.html
タイヤ事業,2018.12.14,「TOKYO AUTO SALON 2019」にブ－スを出展,https://www.toyotires.co.jp/press/2018/181214.html
タイヤ事業,2018.11.28,トラック・バス用低燃費スーパーシングルタイヤNANOENERGY M175、M675を北米市場に供給,https://www.toyotires.co.jp/press/2018/181128.html
タイヤ事業,2018.11.09,当社の米国タイヤ販売会社がディーラー向けタイヤ販売価格を改定,https://www.toyotires.co.jp/press/2018/181109.html
タイヤ事業,2018.11.08,当社製タイヤが北米市場向け「Audi Q8」新車装着用タイヤに採用,https://www.toyotires.co.jp/press/2018/181108.html
タイヤ事業,2018.10.05,除雪トラック専用スノータイヤ「M925」が2018年度グッドデザイン賞を受賞,https://www.toyotires.co.jp/press/2018/181005_1.html
タイヤ事業,2018.07.06,当社の｢PROXES R47｣がトヨタ自動車株式会社の新型｢クラウン｣に装着,https://www.toyotires.co.jp/press/2018/180706.html
タイヤ事業,2018.07.05,日刊自動車新聞用品大賞2018で「PROXES Sport SUV｣がグランプリを受賞,https://www.toyotires.co.jp/press/2018/180705.html
タイヤ事業,2018.05.14,「PROXES Sport SUV」 発売,https://www.toyotires.co.jp/press/2018/180514.html
タイヤ事業,2018.04.12,「PROXES R44」が三菱自動車工業株式会社の新型コンパクトSUV「エクリプス クロス」に採用,https://www.toyotires.co.jp/press/2018/180412_1.html
タイヤ事業,2018.04.10,SUV用タイヤ「OPEN COUNTRY」シリーズに2商品を発売,https://www.toyotires.co.jp/press/2018/180410.html
タイヤ事業,2017.12.22,「OPEN COUNTRY H/T D」が米国Ford社の大型SUV車両の新車装着用タイヤに採用,https://www.toyotires.co.jp/press/2017/171222.html
タイヤ事業,2017.10.24,「PROXES R46」が新型｢マツダCX-8｣に採用,https://www.toyotires.co.jp/press/2017/171024.html
タイヤ事業,2017.10.04,当社製タイヤ3商品が「2017年度グッドデザイン賞」を受賞,https://www.toyotires.co.jp/press/2017/171004_2.html
タイヤ事業,2017.09.15,「PROXES S/TⅢ」を北米市場の商品ラインナップに追加,https://www.toyotires.co.jp/press/2017/170915.html
タイヤ事業,2017.08.24,「Winter TRANPATH TX（ウィンター トランパス ティーエックス）」のテレビCFを放映開始,https://www.toyotires.co.jp/press/2017/170824.html
タイヤ事業,2017.08.02,「Winter TRANPATH TX（ウィンター トランパス ティーエックス）」8月1日より発売,https://www.toyotires.co.jp/press/2017/170801.html
タイヤ事業,2017.06.01,"マレーシア工場でのタイヤ生産が累計1,000万本を突破",https://www.toyotires.co.jp/press/2017/170601_1.html
タイヤ事業,2017.05.01,「PROXES Sport（プロクセススポーツ）」を国内で発売,https://www.toyotires.co.jp/press/2017/170501.html
タイヤ事業,2017.03.29,国内市販用タイヤ出荷価格の改定（値上げ）,https://www.toyotires.co.jp/press/2017/170329.html
タイヤ事業,2017.03.29,国内市販用タイヤ出荷価格の改定（値上げ）,https://www.toyotires.co.jp/press/2017/170329_2.html
タイヤ事業,2017.02.24,SUV 用タイヤ新製品を国内市場に投入,https://www.toyotires.co.jp/press/2017/170224.html
タイヤ事業,2016.12.20,当社製タイヤがマツダ株式会社の新型｢マツダ CX-5｣に採用,https://www.toyotires.co.jp/press/2016/1220.html
タイヤ事業,2016.12.09,米国ジョージア州商務省Georgia Automotive Awards 2016 「Automotive Supplier of the Year」を受賞,https://www.toyotires.co.jp/press/2016/1209.html
タイヤ事業,2016.11.24,「エッセン モーターショー 2016」で新製品を訴求,https://www.toyotires.co.jp/press/2016/161124.html
タイヤ事業,2016.11.17,「ナノバランステクノロジー」の進化について,https://www.toyotires.co.jp/press/2016/161117.html
タイヤ事業,2016.09.29,当社製タイヤ2商品が「2016年度グッドデザイン賞」を受賞,https://www.toyotires.co.jp/press/2016/160929.html
タイヤ事業,2016.09.27,OPEN COUNTRY A26が「Nissan TITAN」新車装着用タイヤに採用,https://www.toyotires.co.jp/press/2016/160927.html
タイヤ事業,2016.09.23,「冬のワクワク　プレゼントキャンペーン」を実施,https://www.toyotires.co.jp/press/2016/160923.html
タイヤ事業,2016.09.15,中国初開催の「D1グランプリシリーズ in CHINA」にTeam TOYO TIRES DRIFT チームドライバーが参戦,https://www.toyotires.co.jp/press/2016/160915.html
タイヤ事業,2016.09.14,「OPEN COUNTRY R/T」 デビュー,https://www.toyotires.co.jp/press/2016/160914.html
タイヤ事業,2016.09.05,「冬の走りに、驚きを。」スタッドレスタイヤの新テレビCFを放映開始,https://www.toyotires.co.jp/press/2016/160905.html
タイヤ事業,2016.08.24,｢PROXES R888R｣ デビュー,https://www.toyotires.co.jp/press/2016/160823.html
タイヤ事業,2016.07.01,欧州販社が独ブンデスリーガプロサッカークラブとプレミアムパートナー契約を締結,https://www.toyotires.co.jp/press/2016/160701.html
タイヤ事業,2016.06.16,当社製オフロードタイヤ「Open Country R/T-R」 装着車両が「SCORE BAJA 500」で総合優勝,https://www.toyotires.co.jp/press/2016/160616_1.html
タイヤ事業,2016.06.01,「家族でおでかけ ワクワクグッズ キャンペーン」を実施,https://www.toyotires.co.jp/press/2016/160601.html
タイヤ事業,2016.05.31,TOYO TIRES 新TVCFを全国で放映,https://www.toyotires.co.jp/press/2016/160531.html
タイヤ事業,2016.05.25,TOYO TIRESブランドコンセプトムービー（第2弾）を制作,https://www.toyotires.co.jp/press/2016/160525.html
タイヤ事業,2016.05.10,「Surprising the world」をグローバルに一斉公開,https://www.toyotires.co.jp/press/2016/20160510.html
タイヤ事業,2016.04.15,「Team TOYO TIRES DRIFT」モータースポーツジャパン 2016 に出展,https://www.toyotires.co.jp/press/2016/160415.html
タイヤ事業,2016.04.14,専用タイヤ「TRANPATH」シリーズ体感試走会のお知らせ,https://www.toyotires.co.jp/press/2016/160414_02.html
タイヤ事業,2016.04.14,「TRANPATH」シリーズの新カテゴリー商品発売開始,https://www.toyotires.co.jp/press/2016/160414_01.html
タイヤ事業,2016.04.06,NANOENERGYシリーズの商用車用タイヤを拡充,https://www.toyotires.co.jp/press/2016/160406.html
タイヤ事業,2016.03.29,連結子会社の組織変更及び役員人事並びに人事異動のお知らせ,https://www.toyotires.co.jp/system/files/press/pdf/2018/20160329.pdf
タイヤ事業,2016.03.09,当社製低燃費タイヤ｢NANOENERGY｣ブランドがトヨタ自動車株式会社の新型｢プリウス｣に採用,https://www.toyotires.co.jp/press/2016/160309.html
タイヤ事業,2015.12.10,TOYO TIRESとACミランのコラボ動画第2弾を公開,https://www.toyotires.co.jp/press/2015/20151210.html
タイヤ事業,2015.12.09,「NANOENERGY 3 PLUS」を発売,https://www.toyotires.co.jp/press/2015/151209_3.html
タイヤ事業,2015.09.03,スタッドレスタイヤの新テレビCFを放映開始,https://www.toyotires.co.jp/press/2015/150903.html
タイヤ事業,2015.09.03,TOYO TIRESスタッドレスタイヤ販促サプライズキャンペーン,https://www.toyotires.co.jp/press/2015/150903_2.html
タイヤ事業,2015.08.19,「そのタイヤに、驚きはあるか。」TOYO TIRES新企業CFを全国放映開始,https://www.toyotires.co.jp/press/2015/150819.html
タイヤ事業,2015.08.03,ロシア販社が現地プロサッカーチームをサポート,https://www.toyotires.co.jp/press/2015/150803_2.html
タイヤ事業,2015.08.03,欧州市場向けスタッドレスタイヤ”Snowprox S953A”が「Audi A3」新車装着用タイヤに採用,https://www.toyotires.co.jp/press/2015/150803.html
タイヤ事業,2015.07.23,PROXES T1 Sport SUVが「Audi Q7」新車装着用タイヤに採用,https://www.toyotires.co.jp/press/2015/150723.html
タイヤ事業,2015.03.04,Team TOYO TIRES DRIFT 「モータースポーツファン感謝デー」でデモランを実施,https://www.toyotires.co.jp/press/2015/150304.html
タイヤ事業,2015.03.02,「PROXES R40A｣が｢マツダ CX-3｣に採用,https://www.toyotires.co.jp/press/2015/150302.html
タイヤ事業,2015.02.19,世界のミラニスタがつなぐオリジナル応援ムービーが完成,https://www.toyotires.co.jp/press/2015/150219-2.html
タイヤ事業,2015.02.18,トヨタの新型｢アルファード｣「ヴェルファイア」に｢TRANPATH R30｣が採用,https://www.toyotires.co.jp/press/2015/150218.html
タイヤ事業,2015.02.02,米国市場向けSUV/ピックアップトラック用タイヤ　サイズラインアップを拡大,https://www.toyotires.co.jp/press/2015/150202_1.html
タイヤ事業,2015.02.02,ダカールラリー2015　TOYO TIRESサポートドライバーが最終ステージで優勝,https://www.toyotires.co.jp/press/2015/150202_2.html
タイヤ事業,2015.01.26,「NANOENERGY｣がダイハツの新型｢ムーヴ｣「ムーヴカスタム」に採用,https://www.toyotires.co.jp/press/2015/150126.html
タイヤ事業,2015.01.07,「ACミラン Wキャンペーン」を新春より実施,https://www.toyotires.co.jp/press/2015/150107_2.html
タイヤ事業,2015.01.07,「PROXES CF2 SUV」「PROXES CF2」を発売,https://www.toyotires.co.jp/press/2015/150107_1.html
タイヤ事業,2014.12.25,TOYO A23が「DODGE Journey」新車装着用タイヤに採用,https://www.toyotires.co.jp/press/2014/141225.html
タイヤ事業,2014.12.24,東京オートサロン2015にTOYO TIRESブースを出展,https://www.toyotires.co.jp/press/2014/141224.html
タイヤ事業,2014.12.18,OPEN COUNTRY A25が日産自動車「NP300 ナバラ」の新車装着用タイヤに採用,https://www.toyotires.co.jp/press/2014/141218.html
タイヤ事業,2014.12.09,フォーミュラD 岡山国際サーキットに参戦,https://www.toyotires.co.jp/press/2014/141209_2.html
タイヤ事業,2014.11.28,欧州市場に乗用車用フラッグシップタイヤ新商品を投入,https://www.toyotires.co.jp/press/2014/141128_2.html
タイヤ事業,2014.11.28,エッセンモーターショー2014に出展,https://www.toyotires.co.jp/press/2014/141128_1.html
タイヤ事業,2014.11.26,タイヤ安全啓発イベント開催のお知らせ,https://www.toyotires.co.jp/press/2014/141126.html
タイヤ事業,2014.11.25,世界のファンによるオリジナル応援ムービーを制作,https://www.toyotires.co.jp/press/2014/141125_2.html
タイヤ事業,2014.11.21,米国市場にUSEPA「SmartWay」認証取得したトラック・バス用タイヤ新商品M650を投入,https://www.toyotires.co.jp/press/2014/141121.html
タイヤ事業,2014.11.17,TOYO TIRESとACミランのコラボ動画 サッカー「日本×オーストラリア戦」でCF放映,https://www.toyotires.co.jp/press/2014/141117_2.html
タイヤ事業,2014.11.13,｢PROXES R30A｣がトヨタの新型｢カムリ｣に採用,https://www.toyotires.co.jp/press/2014/141113.html
タイヤ事業,2014.11.12,TOYO TIRESとACミランのコラボ動画を公開,https://www.toyotires.co.jp/press/2014/141112.html
タイヤ事業,2014.11.04,NITTO、「SEMA Show 2014」に出展,https://www.toyotires.co.jp/press/2014/141104_2.html
タイヤ事業,2014.11.04,TOYO TIRES、「SEMA Show 2014」に出展,https://www.toyotires.co.jp/press/2014/141104.html
タイヤ事業,2014.10.24,欧州市場にSUV/4x4用タイヤ新製品を投入,https://www.toyotires.co.jp/press/2014/141024.html
タイヤ事業,2014.10.22,「D1ワールドチャンピオンズ」で優勝,https://www.toyotires.co.jp/press/2014/141022.html
タイヤ事業,2014.10.06,"NITTO、Facebookファン数1,000万人突破",https://www.toyotires.co.jp/press/2014/141006.html
タイヤ事業,2014.10.01,タイヤ5製品で「2014年度グッドデザイン賞」を受賞,https://www.toyotires.co.jp/press/2014/141001.html
タイヤ事業,2014.09.26,NITTO、北米市場にライトトラック/SUV用タイヤ新商品を投入,https://www.toyotires.co.jp/press/2014/140926.html
タイヤ事業,2014.09.24,豪オフロードレース 参戦チームにタイヤを供給,https://www.toyotires.co.jp/press/2014/140924.html
タイヤ事業,2014.09.17,米国市場にプレミアムコンフォートタイヤ新製品を投入,https://www.toyotires.co.jp/press/2014/140917.html
タイヤ事業,2014.09.11,「PROXES R39｣が新型｢マツダ デミオ｣に装着,https://www.toyotires.co.jp/press/2014/14911.html
タイヤ事業,2014.09.10,「PROXES C1S SPEC-a」を発売,https://www.toyotires.co.jp/press/2014/140910.html
タイヤ事業,2014.09.05,米国市場にSUV /ピックアップトラック用新製品を投入,https://www.toyotires.co.jp/press/2014/140905.html
タイヤ事業,2014.09.02,スタッドレスタイヤの新テレビCFを放映開始,https://www.toyotires.co.jp/press/2014/140902.html
タイヤ事業,2014.09.01,今シーズンのACミラン・スポンサー活動をスタート,https://www.toyotires.co.jp/press/2014/140901.html
タイヤ事業,2014.08.29,発売記念プレゼントキャンペーンを実施,https://www.toyotires.co.jp/press/2014/140829.html
タイヤ事業,2014.08.26,11名のミラノダービー・レポーターを募集,https://www.toyotires.co.jp/press/2014/140826.html
タイヤ事業,2014.08.22,豊洲テントドームの広告サポートについて,https://www.toyotires.co.jp/press/2014/140822_2.html
タイヤ事業,2014.08.22,NITTO、Webサイトをリニューアル,https://www.toyotires.co.jp/press/2014/140822_1.html
タイヤ事業,2014.08.06,NITTO、北米市場にオフロードタイヤ新商品を投入,https://www.toyotires.co.jp/press/2014/140806.html
タイヤ事業,2014.07.28,「TOYO J60」を全国一斉発売,https://www.toyotires.co.jp/press/2014/140728.html
タイヤ事業,2014.07.23,秋田港からロシアへタイヤの直航輸送を実施,https://www.toyotires.co.jp/press/2014/140723.html
タイヤ事業,2014.07.17,タイヤ柄 オリジナル浴衣を制作,https://www.toyotires.co.jp/press/2014/140717.html
タイヤ事業,2014.07.14,｢OBSERVE GARIT GIZ｣を発売,https://www.toyotires.co.jp/press/2014/140714.html
タイヤ事業,2014.07.11,「NANOENERGY M638」を全国一斉発売,https://www.toyotires.co.jp/press/2014/140711.html
タイヤ事業,2014.07.09,タイ“TOYOTA ONE MAKE RACE”を独占サポート,https://www.toyotires.co.jp/press/2014/140709.html
タイヤ事業,2014.07.08,OPEN COUNTRY A/TⅡがフォード「F-250/F-350」に新車装着,https://www.toyotires.co.jp/press/2014/140708.html
タイヤ事業,2014.07.04,企業名を伏せたバズ企画でタイヤ点検啓発を実施,https://www.toyotires.co.jp/press/2014/140704.html
タイヤ事業,2014.06.30,サッカーイベントを企画開催,https://www.toyotires.co.jp/press/2014/140630.html
タイヤ事業,2014.06.25,Team NITTO、日本初開催のフォーミュラDに参戦,https://www.toyotires.co.jp/press/2014/140625.html
タイヤ事業,2014.06.18,Toyota Team Thailand へタイヤ供給,https://www.toyotires.co.jp/press/2014/140618.html
タイヤ事業,2014.05.21,マレーシアで「NANOENERGY 3（ナノエナジー スリー）」を発売開始,https://www.toyotires.co.jp/press/2014/140521.html
タイヤ事業,2014.05.14,SPEED Energy Formula Off-Road in 2014にオフィシャルタイヤを独占供給,https://www.toyotires.co.jp/press/2014/140514.html
タイヤ事業,2014.04.04,NITTO が米国オフロード・レース「The Off Road Championship」をスポンサード,https://www.toyotires.co.jp/press/2014/140404_2.html
タイヤ事業,2014.04.04,北米市場向けトラック・バス用タイヤM144がUSEPA「SmartWay・プログラム」の認証を取得,https://www.toyotires.co.jp/press/2014/140404.html
タイヤ事業,2014.03.27,Team NITTO、フォーミュラDに参戦,https://www.toyotires.co.jp/press/2014/140327_2.html
タイヤ事業,2014.03.24,新生「Team TOYO TIRES DRIFT」D1GP 連覇に挑戦,https://www.toyotires.co.jp/press/2014/140324.html
タイヤ事業,2014.03.06,「PROXES J54」がトヨタの新型「ヴォクシー」「ノア」に装着,https://www.toyotires.co.jp/press/2014/140306_2.html
タイヤ事業,2014.03.06,ZEROSYS シリーズ3商品・23サイズが「トラック輸送の省エネ対策の推進」補助対象に,https://www.toyotires.co.jp/press/2014/140306.html
タイヤ事業,2014.02.20,NITTOが米「テキサス・レンジャーズ」をスポンサード,https://www.toyotires.co.jp/press/2014/140220.html
タイヤ事業,2014.02.12,NITTOのHealy選手が「King of The Hammers」チャンピオンに,https://www.toyotires.co.jp/press/2014/140212_2.html
タイヤ事業,2013.12.18,しっかり走ることは、しっかり愛することだ トランパスの新TVCFを放映開始,https://www.toyotires.co.jp/press/2013/131218_2.html
タイヤ事業,2013.12.18,20年目を迎える「TRANPATH」シリーズ 2014年、新商品がトリプルデビュー,https://www.toyotires.co.jp/press/2013/131218.html
タイヤ事業,2013.12.06,Nitto Tire、Facebookファン登録500万人突破,https://www.toyotires.co.jp/press/2013/131206_2.html
タイヤ事業,2013.10.31,「TRANPATH R30」が新型「オデッセイ」に装着,https://www.toyotires.co.jp/press/2013/131031.html
タイヤ事業,2013.10.15,ニットージャパンがWebサイトリニューアルオープン リニューアルを記念して、抽選にてNITTO商品プレゼント！,https://www.toyotires.co.jp/press/2013/131015.html
タイヤ事業,2013.10.11,「NANOENERGY R38A」「PROXES T1 Sport」が 新型「マツダ アクセラ」に装着,https://www.toyotires.co.jp/press/2013/131011_2.html
タイヤ事業,2013.10.04,路面温度0度付近に強い「GARIT G0」 北海道エリア限定発売,https://www.toyotires.co.jp/press/2013/131004.html
タイヤ事業,2013.10.01,トラック・バス用スタッドレスタイヤ「M929 Premium」 2013年度グッドデザイン賞を受賞,https://www.toyotires.co.jp/press/2013/131001.html
タイヤ事業,2013.09.10,低燃費技術を駆使した「TOYO J57」 新登場のトヨタ「カローラ」ハイブリッド車に装着,https://www.toyotires.co.jp/press/2013/130910.html
タイヤ事業,2013.08.28,スタッドレスタイヤの新テレビCFを放映開始,https://www.toyotires.co.jp/press/2013/130828.html
タイヤ事業,2013.08.23,タイ“TOYOTA ONE MAKE RACE 2013”をサポート 当社製タイヤ「PROXES」を独占供給,https://www.toyotires.co.jp/press/2013/130823.html
タイヤ事業,2013.08.08,「M929 Premium」発売,https://www.toyotires.co.jp/press/2013/130808.html
タイヤ事業,2013.08.07,「OBSERVE GSi-5」を発売,https://www.toyotires.co.jp/press/2013/130807.html
タイヤ事業,2013.03.29,軽快ダンスの新TVCFを放映開始,https://www.toyotires.co.jp/press/2013/130329.html
タイヤ事業,2013.03.19,「PROXES T1 Sport」が新型「マツダ アテンザ」に装着,https://www.toyotires.co.jp/press/2013/130319.html
タイヤ事業,2013.03.08,マレーシアにてリテールマーケティング戦略に着手,https://www.toyotires.co.jp/press/2013/130308.html
タイヤ事業,2013.03.07,「キャデラック・チャレンジ」をタイトルスポンサード,https://www.toyotires.co.jp/press/2013/130307.html
タイヤ事業,2013.02.26,「PROXES R30A」が新型「クラウン」に装着,https://www.toyotires.co.jp/press/2013/130226.html
タイヤ事業,2013.02.22,Nitto Tire Facebookファン登録300万人突破,https://www.toyotires.co.jp/press/2013/130222.html
タイヤ事業,2013.02.21,「TOYO A24」が新型「アウトランダーPHEV」に装着,https://www.toyotires.co.jp/press/2013/130221.html
タイヤ事業,2012.12.12,NITTOがオフロード・レースでシリーズチャンピオンを獲得,https://www.toyotires.co.jp/press/2012/121212_2.html
タイヤ事業,2012.12.12,「PROXES C100」が中国の自動車専門誌より「2013年度THE PRODUCT OF YEAR」を受賞,https://www.toyotires.co.jp/press/2012/121212.html
タイヤ事業,2012.11.20,「NANOENERGY 2（ナノエナジー・ツー）」ラインアップを充実,https://www.toyotires.co.jp/press/2012/121120.html
タイヤ事業,2012.11.14,低燃費タイヤ「NANOENERGY 3（ナノエナジー・スリー）」発売,https://www.toyotires.co.jp/press/2012/121114.html
タイヤ事業,2012.11.12,NITTOブランドのプレミアムコンフォートタイヤの新商品「NT830（エヌティーハチサンマル）」を新発売,https://www.toyotires.co.jp/press/2012/121112_2.html
タイヤ事業,2012.10.31,NITTO TIRE Facebook ファン登録200万人突破,https://www.toyotires.co.jp/press/2012/121031.html
タイヤ事業,2012.09.12,スタッドレスタイヤの新TVCFを放映,https://www.toyotires.co.jp/press/2012/120912.html
タイヤ事業,2012.08.09,「PROXES C100」8月8日、中国市場デビュー,https://www.toyotires.co.jp/press/2012/120809_1.html
タイヤ事業,2012.08.01,スタッドレスタイヤ「DELVEX 934（デルベックス・キュウサンヨン）」発売,https://www.toyotires.co.jp/press/2012/120801.html
タイヤ事業,2012.06.27,NANOENERGY 0 （ナノエナジー・ゼロ）発売開始,https://www.toyotires.co.jp/press/2012/120627.html
タイヤ事業,2012.06.14,NANOENERGY（ナノエナジー）グローバルデビュー,https://www.toyotires.co.jp/press/2012/120614.html
タイヤ事業,2012.06.13,中国市場向け専用タイヤを発売,https://www.toyotires.co.jp/press/2012/120613.html
タイヤ事業,2012.06.04,「トランパス・ダンス」をWeb公開,https://www.toyotires.co.jp/press/2012/120604_1.html
タイヤ事業,2012.05.16,低燃費タイヤ NANOENERGY 2（ナノエナジー・ツー） 発売,https://www.toyotires.co.jp/press/2012/120516.html
タイヤ事業,2012.05.15,軽快ダンスの新TVCFで性能訴求,https://www.toyotires.co.jp/press/2012/120515.html
タイヤ事業,2012.04.02,スノー性能を備えた夏用タイヤ「CFt」サイズ展開を拡大し、本格販売,https://www.toyotires.co.jp/press/2012/120402_2.html
タイヤ事業,2012.03.02,カナダ市販用冬タイヤ価格の値上げについて,https://www.toyotires.co.jp/press/2012/120302.html
タイヤ事業,2011.12.28,「ダカールラリー2012」参戦チームをサポート,https://www.toyotires.co.jp/press/2011/111228.html
タイヤ事業,2011.12.19,「PROXES T1 Sport」、「PROXES T1 Sport SUV」 2012年1月5日より発売開始,https://www.toyotires.co.jp/press/2011/111219.html
タイヤ事業,2011.12.16,米国市販用タイヤ価格の値上げについて,https://www.toyotires.co.jp/press/2011/111216_2.html
タイヤ事業,2011.12.14,NITTO TIRE Facebook ファン登録100万人突破,https://www.toyotires.co.jp/press/2011/111214.html
タイヤ事業,2011.12.08,東洋輪胎張家港有限公司 竣工式を挙行,https://www.toyotires.co.jp/press/2011/111208.html
タイヤ事業,2011.12.06,「SUPER ECO WALKER」が「“超”モノづくり部品大賞」の自動車部品賞を受賞,https://www.toyotires.co.jp/press/2011/111206.html
タイヤ事業,2011.12.01,新ブランド NANOENERGY（ナノエナジー） 誕生,https://www.toyotires.co.jp/press/2011/111201_1.html
タイヤ事業,2011.10.17,NITTOブランドタイヤを中国市場へ積極展開,https://www.toyotires.co.jp/press/2011/111017.html
タイヤ事業,2011.10.11,TGMY EV Himikoにタイヤを提供協力,https://www.toyotires.co.jp/press/2011/111011.html
タイヤ事業,2011.10.04,カナダ市販用タイヤ価格の値上げについて,https://www.toyotires.co.jp/press/2011/111004.html
タイヤ事業,2011.09.22,スタッドレスタイヤの新テレビCFを9月19日より放映開始,https://www.toyotires.co.jp/press/2011/110922_2.html
タイヤ事業,2011.09.05,日本初「45フィート国際海上コンテナ」を活用      海外市場向け出荷タイヤの輸送手段として,https://www.toyotires.co.jp/press/2011/110905.html
タイヤ事業,2011.08.30,"米国タイヤ生産子会社で累計生産本数1,000万本を突破",https://www.toyotires.co.jp/press/2011/110830_1.html
タイヤ事業,2011.08.30,カナダ市販用タイヤ価格の値上げについて,https://www.toyotires.co.jp/press/2011/110830_2.html
タイヤ事業,2011.08.23,お客様の声から生まれた乗用車用タイヤの新ジャンル 冬タイヤ性能を備えた夏タイヤ「CFt」9月1日より発売,https://www.toyotires.co.jp/press/2011/110823.html
タイヤ事業,2011.08.18,トーヨータイヤ「PROXES R35」がトヨタ自動車株式会社の「プリウスα」に標準装着,https://www.toyotires.co.jp/press/2011/110818_1.html
タイヤ事業,2011.08.18,「PROXES A20」が北米市場においてトヨタ自動車株式会社の「プリウス v」に新車装着,https://www.toyotires.co.jp/press/2011/110818_2.html
タイヤ事業,2011.08.01,進化したミニバン専用スタッドレスタイヤ「Winter TRANPATH MK4α」9月1日より発売開始,https://www.toyotires.co.jp/press/2011/110801_1.html
タイヤ事業,2011.07.05,米国市場にて環境配慮型タイヤを新発売,https://www.toyotires.co.jp/press/2011/110705_1.html
タイヤ事業,2011.06.14,カナダ市販用タイヤ価格の値上げについて,https://www.toyotires.co.jp/press/2011/110614_1.html
タイヤ事業,2011.06.14,米国市販用タイヤ価格の値上げについて,https://www.toyotires.co.jp/press/2011/110614_2.html
タイヤ事業,2011.05.25,米国市販用タイヤ価格の値上げについて,https://www.toyotires.co.jp/press/2011/110525.html
タイヤ事業,2011.04.27,米国市販用タイヤ価格の値上げについて,https://www.toyotires.co.jp/press/2011/110427.html
タイヤ事業,2005.05.16,「PROXES T1R」がニュル24時間耐久レースでクラス優勝,https://www.toyotires.co.jp/system/files/press/pdf/2018/050516.pdf
